{
    "items":[
             {
             "serialno":"1",
             "title":"醫研大樓",
             "latitude":"22.649014",
             "longitude":"120.309074",
             "image":"image1.png",
             "qrcode":"0",
             "distance":"0",
             "description":"為推動及提昇臨床醫學研究之發展，並因附設醫院評鑑的需求，要有設備完整的實驗動物中心、醫學系基礎學科及臨床學科在研究上的整合，及基礎學科空間的擴充等需要，於民國81年規劃醫學研究大樓興建工程，並於民國85年正式啟用。大樓建築面積共3608坪，計地下一層，地上九層，除醫學系所各科研究室之外，還包括有超微細構造研究室，生物力學研究室，精密儀器室等研究室。<br/><div id=\"itsthetable\"><table cellspacing=\"0\"cellpadding=\"5\"width=\"99%\"summary=\"MySummary\"border=\"0\"><thead><tr bgcolor=\"#dbe100\"><th colspan=2><font size=\"5\">醫研大樓樓層配置</font></th><tr bgcolor=\"#dbe1eb\"><th width=20%><font size=\"20\">樓層</font></th><th width=80%><font size=\"20\">樓層配置</font></th></tr></thead><tbody><tr bgcolor=\"#11e1eb\"><th><font size=\"20\">9樓</font></th><td><div align=\"left\"><font size=\"20\">實驗動物中心、環境醫學頂尖中心</font></div></td></tr><tr bgcolor=\"#11e1eb\"><th><font size=\"20\">8樓</font></th><td><div align=\"left\"><font size=\"20\">實驗動物中心</font></div></td></tr><tr bgcolor=\"#11e1eb\"><th><font size=\"20\">7樓</font></th><td><div align=\"left\"><font size=\"20\">寄生蟲學科、藥物及毒物研究室、職安所研究室</font></div></td></tr><tr bgcolor=\"#11e1eb\"><th><font size=\"20\">6樓</font></th><td><div align=\"left\"><font size=\"20\">生理學科、細胞組織培養室、骨科學研究中心</font></div></td></tr><tr bgcolor=\"#11e1eb\"><th><font size=\"20\">5樓</font></th><td><div align=\"left\"><font size=\"20\">藥理學科、同位素實驗室、環境醫學頂尖中心</font></div></td></tr><tr bgcolor=\"#11e1eb\"><th><font size=\"20\">4樓</font></th><td><div align=\"left\"><font size=\"20\">生化學科、分子生物研究室、共同儀器室</font></div></td></tr><tr bgcolor=\"#11e1eb\"><th><font size=\"20\">3樓</font></th><td><div align=\"left\"><font size=\"20\">微生物學科、昭雄臨床免疫研究室、中央供應室</font></div></td></tr><tr bgcolor=\"#11e1eb\"><th><font size=\"20\">2樓</font></th><td><div align=\"left\"><font size=\"20\">解剖學科、超微細胞構造研究室、生物力學研究室、毒物學實驗室</font></div></td></tr><tr bgcolor=\"#11e1eb\"><th><font size=\"20\">1樓</font></th><td><div align=\"left\"><font size=\"20\">醫學系(所)、後醫系、生化所、職安所、培普紀念講堂、毒物學實驗室</font></div></td></tr><tr bgcolor=\"#11e1eb\"><th><font size=\"20\">B1樓</font></th><td><div align=\"left\"><font size=\"20\">防空避難室</font></div></td></tr></tbody></table><BR><BR></div>"
             },
             {
             "serialno":"2",
             "title":"第一教學大樓",
             "latitude":"22.64777",
             "longitude":"120.310318",
             "image":"image1.png",
             "qrcode":"0",
             "distance":"0",
             "description":"第一教學大樓於民國92年2月正式啟用，總建築面積為22,905平方公尺，為地上十二層地下二層的大樓，規畫有藥學院、護理學院和生命科學院系所辦公室、共同教室、演藝廳、實驗室、研究中心及產學推動中心。地下一樓為演藝廳，供大型會議和演講使用，可容納200人；十二樓為產學推動中心，負責產學合作、專利技術及育成中心業務，並整合學術與產業界間資源。第一教學大樓啟用後，使學校呈現嶄新新風貌，再加上整個校園的用心美化，也因而獲得大家的好評與肯定。<br/><div id=\"itsthetable\"><table cellspacing=\"0\"cellpadding=\"5\"width=\"99%\"summary=\"MySummary\"border=\"0\"><thead><tr bgcolor=\"#dbe100\"><th colspan=2><font size=\"20\">第一教學大樓樓層配置</font></th><tr bgcolor=\"#dbe1eb\"><th width=20%><font size=\"20\">樓層</font></th><th width=80%><font size=\"20\">樓層配置</font></th></tr></thead><tbody><tr bgcolor=\"#11e1eb\"><th><font size=\"20\">12樓</font></th><td><div align=\"left\"><font size=\"20\"><a href=\"http://cpiuc.kmu.edu.tw/\">產學推動中心</a>、<a href=\"http://biic.kmu.edu.tw/\">創新育成中心</a>、<a href=\"http://anaerobes.kmu.edu.tw/\">厭氧暨口腔微生物研究中心</a>、<a href=\"http://respcare.kmu.edu.tw/front/bin/home.phtml\">呼吸治療學系研究室</a></font></div></td></tr><tr bgcolor=\"#11e1eb\"><th><font size=\"20\">11樓</font></th><td><div align=\"left\"><font size=\"20\">基因體醫學研究中心、<a href=\"http://crrd.kmu.edu.tw/front/bin/home.phtml\">研究資源整合發展中心</a>、<a href=\"http://innovatherapy.kmu.edu.tw/ITRC.html\">創新醫藥科技研發中心</a>、功能性蛋白質體研究中心</font></div></td></tr><tr bgcolor=\"#11e1eb\"><th><font size=\"20\">10樓</font></th><td><div align=\"left\"><font size=\"20\"><a href=\"http://biotech.kmu.edu.tw/front/bin/home.phtml\">生物科技學系</a>、<a href=\"http://cosmetics.kmu.edu.tw/front/bin/home.phtml\">香粧品學系</a></font></div></td></tr><tr bgcolor=\"#11e1eb\"><th><font size=\"20\">9樓</font></th><td><div align=\"left\"><font size=\"20\"><a href=\"http://www2.kmu.edu.tw/front/bin/ptlist.phtml?Category=24\">生命科學院</a>、<a href=\"http://bio.kmu.edu.tw/\">生物醫學暨環境生物學系</a>、行政辦公室、研究室</font></div></td></tr><tr bgcolor=\"#11e1eb\"><th><font size=\"20\">8樓</font></th><td><div align=\"left\"><font size=\"20\"><a href=\"http://clife.kmu.edu.tw/front/bin/home.phtml\">生命科學院</a>、<a href=\"http://chem.kmu.edu.tw/front/bin/home.phtml\">醫藥暨應用化學系</a>、研究室</font></div></td></tr><tr bgcolor=\"#11e1eb\"><th><font size=\"20\">7樓</font></th><td><div align=\"left\"><font size=\"20\"><a href=\"http://www.kmu.edu.tw/~cpharm/\">藥學院</a>、天然藥物研究室、研究室、實驗室</font></div></td></tr><tr bgcolor=\"#11e1eb\"><th><font size=\"20\">6樓</font></th><td><div align=\"left\"><font size=\"20\"><a href=\"http://www.kmu.edu.tw/~cpharm/\">藥學院</a>、研究室、實驗室、共同教室</font></div></td></tr><tr bgcolor=\"#11e1eb\"><th><font size=\"20\">5樓</font></th><td><div align=\"left\"><font size=\"20\"><a href=\"http://www.kmu.edu.tw/~cpharm/\">藥學院</a>、藥學系所、行政辦公室、研究室、實驗室、<a href=\"http://www.kmu.edu.tw/~clinpharm/\">臨床藥學研究所</a></font></div></td></tr><tr bgcolor=\"#11e1eb\"><th><font size=\"20\">4樓</font></th><td><div align=\"left\"><font size=\"20\"><a href=\"http://conursing.kmu.edu.tw/front/bin/home.phtml\">護理學院</a>、<a href=\"http://fonursing.kmu.edu.tw/front/bin/home.phtml\">護理學系所</a>、<a href=\"http://gigs.kmu.edu.tw/front/bin/home.phtml\">性別所</a>、行政辦公室、研究室</font></div></td></tr><tr bgcolor=\"#11e1eb\"><th><font size=\"20\">3樓</font></th><td><div align=\"left\"><font size=\"20\"><a href=\"http://conursing.kmu.edu.tw/front/bin/home.phtml\">護理學院</a>、研究室、實驗室</font></div></td></tr><tr bgcolor=\"#11e1eb\"><th><font size=\"20\">2樓</font></th><td><div align=\"left\"><font size=\"20\">共同教室215~218</font></div></td></tr><tr bgcolor=\"#11e1eb\"><th><font size=\"20\">1樓</font></th><td><div align=\"left\"><font size=\"20\">共同教室109～111、大廳</font></div></td></tr><tr bgcolor=\"#11e1eb\"><th><font size=\"20\">B1樓</font></th><td><div align=\"left\"><font size=\"20\">演藝廳B120、教室B116～B117、<a href=\"http://instrument.kmu.edu.tw/\">貴重儀器中心</a></font></div></td></tr><tr bgcolor=\"#11e1eb\"><th><font size=\"20\">B2樓</font></th><td><div align=\"left\"><font size=\"20\">演藝廳B222、<a href=\"http://sportsmed.kmu.edu.tw/front/bin/ptlist.phtml?Category=13\">體適能檢測中心</a></font></div></td></tr></tbody></table><BR><BR></div>"
             },
             {
             "serialno":"3",
             "title":"學生宿舍新館",
             "latitude":"22.648348",
             "longitude":"120.311211",
             "image":"image1.png",
             "qrcode":"0",
             "distance":"0",
             "description":"學生宿舍新館於民國92年2月正式啟用，為地上十三層地下兩層的建築物，設有 1012 個床位、藝文展覽中心、視聽室、交誼廳及自修室等，提供住宿學生休閒交流場所。每間房間均為獨立套房（兩人房和四人房），備有基本家具和網路。"
             },
             {
             "serialno":"4",
             "title":"校友會館",
             "latitude":"22.64761",
             "longitude":"120.310829",
             "image":"image1.png",
             "qrcode":"0",
             "distance":"0",
             "description":"校友會館於民國66年落成啟用，為地上五層地下一層的建築物。地下一樓為學生餐廳；一樓為學習資源專區，有資訊區、公共區及小組討論區、書報雜誌區及休閒區；二樓為自修室和圖書館教授指定參考書區；四樓及五樓為校友會館招待所，提供校友、訪問學者、家長和教職員工收費住宿（訂房專線07-3121101*2180，線上訂房）。<br/><div id=\"itsthetable\"><table cellspacing=\"0\"cellpadding=\"5\"width=\"99%\"summary=\"MySummary\"border=\"0\"><thead><tr bgcolor=\"#dbe100\"><th colspan=2><font size=\"20\">校友會館樓層配置</font></th><tr bgcolor=\"#dbe1eb\"><th width=20%><font size=\"20\">樓層</font></th><th width=80%><font size=\"20\">樓層配置</font></th></tr></thead><tbody><tr bgcolor=\"#11e1eb\"><th><font size=\"20\">5樓</font></th><td><div align=\"left\"><font size=\"20\">校友會館招待所</font></div></td></tr><tr bgcolor=\"#11e1eb\"><th><font size=\"20\">4樓</font></th><td><div align=\"left\"><font size=\"20\">通識教育中心</font></div></td></tr><tr bgcolor=\"#11e1eb\"><th><font size=\"20\">3樓</font></th><td><div align=\"left\"><font size=\"20\">國際事務中心</font></div></td></tr><tr bgcolor=\"#11e1eb\"><th><font size=\"20\">2樓</font></th><td><div align=\"left\"><font size=\"20\">自修室、圖書館教授指定參考書區</font></div></td></tr><tr bgcolor=\"#11e1eb\"><th><font size=\"20\">1樓</font></th><td><div align=\"left\"><font size=\"20\">學習資源專區</font></div></td></tr><tr bgcolor=\"#11e1eb\"><th><font size=\"20\">B1樓</font></th><td><div align=\"left\"><font size=\"20\">學生餐廳</font></div></td></tr></tbody></table><BR><BR></div>"
             },
             {
             "serialno":"5",
             "title":"勵學大樓",
             "latitude":"22.646933",
             "longitude":"120.309944",
             "image":"image1.png",
             "qrcode":"0",
             "distance":"0",
             "description":"勵學大樓於民國72年落成啟用，為地上五層地下一層的建築物，為各行政單位辦公所在地，為提供師生各項行政支援的大本營。設置多間會議室，對提昇會議效率與校務推展，裨益良多。<br/><div id=\"itsthetable\"><table cellspacing=\"0\"cellpadding=\"5\"width=\"99%\"summary=\"MySummary\"border=\"0\"><thead><tr bgcolor=\"#dbe100\"><th colspan=2><font size=\"20\">勵學大樓樓層配置</font></th><tr bgcolor=\"#dbe1eb\"><th width=20%><font size=\"20\">樓層</font></th><th width=80%><font size=\"20\">樓層配置</font></th></tr></thead><tbody><tr bgcolor=\"#11e1eb\"><th><font size=\"20\">4樓</font></th><td><div align=\"left\"><font size=\"20\">董事長室、董事會辦公室、校長室、副校長室、<a href=\"http://sec.kmu.edu.tw/front/bin/home.phtml\">秘書室</a>、第四會議室</font></div></td></tr><tr bgcolor=\"#11e1eb\"><th><font size=\"20\">3樓(夾層)</font></th><td><div align=\"left\"><font size=\"20\">視聽教學中心、<a href=\"http://dtextpro.kmu.edu.tw/front/bin/home.phtml\">推廣教育暨社會資源中心</a></font></div></td></tr><tr bgcolor=\"#11e1eb\"><th><font size=\"20\">3樓</font></th><td><div align=\"left\"><font size=\"20\"><a href=\"http://devel.kmu.edu.tw/front/bin/home.phtml\">研發處</a>、<a href=\"http://cfd2.kmu.edu.tw/front/bin/home.phtml\">教師發展中心</a>、<a href=\"http://alumni2.kmu.edu.tw/front/bin/home.phtml\">校友會辦公室</a>、<a href=\"http://sec.kmu.edu.tw/front/bin/home.phtml\">秘書室</a>、第三會議室</font></div></td></tr><tr bgcolor=\"#11e1eb\"><th><font size=\"20\">2樓(夾層)</font></th><td><div align=\"left\"><font size=\"20\"><a href=\"http://accounting.kmu.edu.tw/front/bin/home.phtml\">會計室</a>、<a href=\"http://academic.kmu.edu.tw/front/bin/home.phtml\">教務處(招生組、教學發展組)</a></font></div></td></tr><tr bgcolor=\"#11e1eb\"><th><font size=\"20\">2樓</font></th><td><div align=\"left\"><font size=\"20\"><a href=\"http://academic.kmu.edu.tw/front/bin/home.phtml\">教務處(註冊課務組、研究生教務組、學能提升組)</a>、<a href=\"http://personnel.kmu.edu.tw/front/bin/home.phtml\">人事室</a>、第一會議室</font></div></td></tr><tr bgcolor=\"#11e1eb\"><th><font size=\"20\">1樓(夾層)</font></th><td><div align=\"left\"><font size=\"20\">A1教室</font></div></td></tr><tr bgcolor=\"#11e1eb\"><th><font size=\"20\">1樓</font></th><td><div align=\"left\"><font size=\"20\"><a href=\"http://oga.kmu.edu.tw/front/bin/home.phtml\">總務處</a>、校園IC卡管理中心</font></div></td></tr><tr bgcolor=\"#11e1eb\"><th><font size=\"20\">B1樓(夾層)</font></th><td><div align=\"left\"><font size=\"20\">A2教室、A3教室</font></div></td></tr><tr bgcolor=\"#11e1eb\"><th><font size=\"20\">B1樓</font></th><td><div align=\"left\"><font size=\"20\"><a href=\"http://oga.kmu.edu.tw/front/bin/home.phtml\">總務處(營繕組)</a>、柔道室、桌球室、重力訓練室</font></div></td></tr></tbody></table><BR><BR></div>"
             },
             {
             "serialno":"6",
             "title":"圖書館",
             "latitude":"22.647501",
             "longitude":"120.310616",
             "image":"image1.png",
             "qrcode":"0",
             "distance":"0",
             "description":"圖書館包含前棟及後棟，面積共近1200坪；館外設有兩處大型自修區域，總座位近1200席。每週開館時間90餘小時，館藏數超過30萬件，另有電子書逾5萬冊，電子期刊近2萬種，所有電子資訊可讓讀者隨時連線登入查詢。<br/>前棟樓高四層，以玻璃帷幕造型在校園裡獨樹一幟。一樓為流通出入口、線上檢索區、視聽和雜誌閱覽區，有特製的新書展示櫃和當期雜誌櫃，襯托大廳濃厚的書香氛圍；全館有90餘部新型電腦供讀者檢索館藏目錄和網路資源；視聽區有16席個人視聽座位，供欣賞多媒體資料；為配合學習需求及教學媒體多元化，建置多功能之多媒體資訊室，方便團體共同學習使用線上資源，隨選視訊設施已經配置，利用多媒體教材提升學生學習興趣，增進教學成效。2樓與3樓皆為書庫區，內有參考工具書、醫學人文圖書和本校學生之畢業論文等。4樓為自修區，配有新式閱讀桌椅160餘個座位，空間寬敞明淨，與空中花園為鄰，還可遠眺壽山。<br/>後棟1樓闢建「書活角」漫畫閱覽區，2樓多元學習空間有團體討論室和研究小間供學生自學和課後研習，3樓為中日文合訂本期刊區及辦公區。圖書館的專屬網頁是訊息散佈及讀者交流的窗口，譬如館方藉此加強鼓吹校友認捐專業期刊，獲得響應。圖書館另建置自主學習中心，1樓為學習資源專區，供學生自學之用，2樓有教授指定參考書區及自修區，採自助式管理。<br/><div id=\"itsthetable\"><table cellspacing=\"0\"cellpadding=\"5\"width=\"99%\"summary=\"MySummary\"border=\"0\"><thead><tr bgcolor=\"#dbe100\"><th colspan=2><font size=\"20\">圖書館樓層配置</font></th><tr bgcolor=\"#dbe1eb\"><th width=20%><font size=\"20\">樓層</font></th><th width=80%><font size=\"20\">樓層配置</font></th></tr></thead><tbody><tr bgcolor=\"#11e1eb\"><th><font size=\"20\">4樓</font></th><td><div align=\"left\"><font size=\"20\">自修室</font></div></td></tr><tr bgcolor=\"#11e1eb\"><th><font size=\"20\">3樓</font></th><td><div align=\"left\"><font size=\"20\">一般圖書區(000-999)、早期圖書區、中日文合訂本期刊區、杜聰明藏書、聯合辦公室</font></div></td></tr><tr bgcolor=\"#11e1eb\"><th><font size=\"20\">2樓</font></th><td><div align=\"left\"><font size=\"20\">特色主題專區、醫學人文區、專業圖書區(QS-WZ)、參考工具書、學位論文區、<a href=\"http://www.kmu.edu.tw/~lib/multilearn.html\">多元學習空間</a>、討論室、研究小間</font></div></td></tr><tr bgcolor=\"#11e1eb\"><th><font size=\"20\">1樓</font></th><td><div align=\"left\"><font size=\"20\">流通櫃檯、館際合作、休閒期刊區、新書展示區及主題特展區、線上檢索區、視聽區、現期專業期刊區、多媒體資訊室、藝廊、書活角、閱報區、特贈圖書展示架、<a href=\"http://www.kmu.edu.tw/~lib/bookstore.html\">校園書坊</a>、自助借書機</font></div></td></tr></tbody></table><BR/><table cellspacing=\"0\"cellpadding=\"5\"width=\"99%\"summary=\"MySummary\"border=\"0\"><thead><tr bgcolor=\"#dbe100\"><th colspan=2><font size=\"20\">自學中心樓層配置(校友會館1-2樓)</font></th></tr><tr bgcolor=\"#dbe1eb\"><th width=20%><font size=\"20\">樓層</font></th><th width=80%><font size=\"20\">樓層配置</font></th></tr></thead><tbody><tr bgcolor=\"#11e1eb\"><th><font size=\"20\">2樓</font></th><td><div align=\"left\"><font size=\"20\">教授指定參考書區、自修室</font></div></td></tr><tr bgcolor=\"#11e1eb\"><th><font size=\"20\">1樓</font></th><td><div align=\"left\"><font size=\"20\">學習資源專區</font></div></td></tr></tbody></table><br/></div>"
             },
             {
             "serialno":"7",
             "title":"濟世大樓",
             "latitude":"22.647326",
             "longitude":"120.311066",
             "image":"image1.png",
             "qrcode":"0",
             "distance":"0",
             "description":"由於學校教學空間不足，本校於民國77年規劃濟世大樓興建工程，並於民國79年正式啟用，為地上十層地下二層的建築物，前方的濟世廣場更是學生社團發表的秀場。<br/><div id=\"itsthetable\"><table cellspacing=\"0\"cellpadding=\"5\"width=\"99%\"summary=\"MySummary\"border=\"0\"><thead><tr bgcolor=\"#dbe100\"><th colspan=2><font size=\"20\">濟世大樓樓層配置</font></th><tr bgcolor=\"#dbe1eb\"><th width=20%><font size=\"20\">樓層</font></th><th width=80%><font size=\"20\">樓層配置</font></th></tr></thead><tbody><tr bgcolor=\"#11e1eb\"><th><font size=\"20\">10樓</font></th><td><div align=\"left\"><font size=\"20\">電腦教室</font></div></td></tr><tr bgcolor=\"#11e1eb\"><th><font size=\"20\">9樓</font></th><td><div align=\"left\"><font size=\"20\"><a href=\"http://chealth.kmu.edu.tw/front/bin/home.phtml\">健康科學院</a>、<a href=\"http://mim.kmu.edu.tw/front/bin/home.phtml\">醫療資訊管理學系</a>、<a href=\"http://hca2.kmu.edu.tw/front/bin/home.phtml\">醫管所</a>、<a href=\"http://giosh.kmu.edu.tw/front/bin/home.phtml\">職安所</a></font></div></td></tr><tr bgcolor=\"#11e1eb\"><th><font size=\"20\">8樓</font></th><td><div align=\"left\"><font size=\"20\"><a href=\"http://wp.psy.kmu.edu.tw/\">心理學系</a>、<a href=\"http://ms2.kmu.edu.tw/front/bin/home.phtml\">醫社系</a></font></div></td></tr><tr bgcolor=\"#11e1eb\"><th><font size=\"20\">7樓</font></th><td><div align=\"left\"><font size=\"20\"><a href=\"http://ph.kmu.edu.tw/front/bin/home.phtml\">公衛系(所)</a>、<a href=\"http://www.kmu.edu.tw/~ihrc/new_page_12.htm\">工業衛生研究中心</a>、<a href=\"http://oit.kmu.edu.tw/front/bin/home.phtml\">資訊處</a></font></div></td></tr><tr bgcolor=\"#11e1eb\"><th><font size=\"20\">6樓</font></th><td><div align=\"left\"><font size=\"20\"><a href=\"http://mlsb.kmu.edu.tw/front/bin/home.phtml\">醫技系</a>、<a href=\"http://mrt.kmu.edu.tw/front/bin/home.phtml\">醫放系</a></font></div></td></tr><tr bgcolor=\"#11e1eb\"><th><font size=\"20\">5樓</font></th><td><div align=\"left\"><font size=\"20\"><a href=\"http://pt.kmu.edu.tw/front/bin/home.phtml\">物理治療學系</a>、<a href=\"http://ot.kmu.edu.tw/front/bin/home.phtml\">職能治療學系</a></font></div></td></tr><tr bgcolor=\"#11e1eb\"><th><font size=\"20\">4樓</font></th><td><div align=\"left\"><font size=\"20\">學生自修室、教室</font></div></td></tr><tr bgcolor=\"#11e1eb\"><th><font size=\"20\">3樓</font></th><td><div align=\"left\"><font size=\"20\"><a href=\"http://www.kmu.edu.tw/~lc/\">語言教學中心</a>、教室</font></div></td></tr><tr bgcolor=\"#11e1eb\"><th><font size=\"20\">2樓</font></th><td><div align=\"left\"><font size=\"20\">電腦教室、社團辦公室、教室</font></div></td></tr><tr bgcolor=\"#11e1eb\"><th><font size=\"20\">1樓</font></th><td><div align=\"left\"><font size=\"20\"><a href=\"http://osa.kmu.edu.tw/front/bin/home.phtml\">學務處</a>、全家便利超商、聯合辦公室（運醫系、呼吸治療學系、腎臟照護學系）、交誼廳、郵局</font></div></td></tr><tr bgcolor=\"#11e1eb\"><th><font size=\"20\">B1樓</font></th><td><div align=\"left\"><font size=\"20\">體育室、社團辦公室、撞球室、資源教室</font></div></td></tr><tr bgcolor=\"#11e1eb\"><th><font size=\"20\">B2樓</font></th><td><div align=\"left\"><font size=\"20\">康樂室、舞蹈室、體能室、動力中心</font></div></td></tr></tbody></table><BR><BR></div>"
             },
             {
             "serialno":"8",
             "title":"第二教學研究大樓",
             "latitude":"22.646809",
             "longitude":"120.310143",
             "image":"image1.png",
             "qrcode":"0",
             "distance":"0",
             "description":"第二教學研究大樓於民國98年10月動土，預計於民國100年完工。該大樓的興建是高雄醫學大學另一新的里程碑，並定位為一棟具跨時代觀念的「創新、人文、關懷的教育建築」。<br>本大樓新建築的規劃設計係針對未來醫學科學發展之趨勢，強調節能省碳及實驗室安全的一棟綠建築，其特殊之設計規劃有：1.結合資訊與模擬的互動式遠距教學教室；2.培育學生軟實力的活動空間，尤其是一、二樓的挑高設計；3.配合未來醫學科學發展，設置轉譯醫學、再生醫學、預防保健及產學發展為主軸的共同實驗室及尖端實驗室等，以因應未來十年之教學、研究及產學合作的發展。"
             },
             {
             "serialno":"9",
             "title":"校史館",
             "latitude":"22.646309",
             "longitude":"120.310669",
             "image":"image1.png",
             "qrcode":"0",
             "distance":"0",
             "description":"校史館於民國93年10月正式啟用，為一所兼具展示和儲存功能的校史資料單位，不僅作為高醫半世紀以來光輝歷史的見證，也為本校的後繼者傳承重要的歷史使命。目前校史館的空間區隔為六個展示廳，依功能性分別為：大事紀暨歷任院校長展廳、高醫人校園回憶展廳、杜聰明院長紀念展廳、陳啟川董事長暨歷屆董事會展廳、特展廳、以及文物典藏廳。國內知名畫家李石樵所繪畫之蘭大衛醫師及連瑪玉女士犧牲小我、完成大愛的鉅作「切膚之愛」，與校友趙素芳醫師創作本校創辦人陳啟川董事長和杜聰明博士之兩尊銅像，也放置在校史館內。透過校史資料的鮮活的呈現，後起者念茲在茲、再接再厲，此正是校史館設立的崇高目的。"
             },
             {
             "serialno":"10",
             "title":"大講堂",
             "latitude":"22.645548",
             "longitude":"120.310326",
             "image":"image1.png",
             "qrcode":"0",
             "distance":"0",
             "description":"講堂於民國58年落成啟用，為校內舉辦大型演講、研討會及重大慶典之場所，可容納380人。"
             },
             {
             "serialno":"11",
             "title":"啟川大樓",
             "latitude":"22.64613",
             "longitude":"120.309311",
             "image":"image1.png",
             "qrcode":"0",
             "distance":"0",
             "description":"啟川大樓於民國92年6月落成啟用，為地下四層地上二十層之現代化醫療大樓，總樓地板面積為 91,844 平方公尺。為紀念本校首任董事長陳啟川先生，捐校地興學之風範，而命名為啟川大樓。該大樓的興建完成，是本校附設醫院一個新的里程碑，結合既有之優良醫療技術與服務品質以服務大眾。<br /><table width=\"99%\" border=\"1\" align=\"center\" bordercolor=\"#CCCCCC\" bgcolor=\"#FFFFFF\"><tr><td bgcolor=\"#006699\"><font size='30'><p align=\"center\"><strong>樓</strong></p></td><td bgcolor=\"#006699\"><font size='30'><p><strong>啟川大樓</strong></p></td><tr><td bgcolor=\"#666699\"><font size='30'><p align=\"center\"><strong> 22</strong></p></td><td valign=\"top\"><font size='30'><p><strong>國際醫療中心、高杏門診</strong></p></td></tr><tr><td bgcolor=\"#666699\"><font size='30'><p align=\"center\"><strong>21</strong></p></td><td valign=\"top\" bgcolor=\"#E9F0F8\"><font size='30'><p><strong>血液腫瘤內科病房、骨髓移植病房</strong></p>    </td></tr><tr><td bgcolor=\"#666699\"><font size='30'><p align=\"center\"><strong>20</strong></p></td><td valign=\"top\"><font size='30'><p><strong>眼科病房、耳鼻喉科病房</strong></p></td></tr><tr><td bgcolor=\"#666699\"><font size='30'><p align=\"center\"><strong>19</strong></p></td><td valign=\"top\" bgcolor=\"#E9F0F8\"><font size='30'><p><strong>整形外科病房、肝膽胰外科病房</strong></p></td></tr><tr><td bgcolor=\"#666699\"><font size='30'><p align=\"center\"><strong>18</strong></p></td><td valign=\"top\"><font size='30'><p><strong>胃腸及一般外科病房</strong></p></td></tr><tr><td bgcolor=\"#666699\"><font size='30'><p align=\"center\"><strong>17</strong></p></td><td valign=\"top\" bgcolor=\"#E9F0F8\"><font size='30'><p><strong>肝膽胰內科病房、胃腸內科病房</strong></p></td></tr><tr><td bgcolor=\"#666699\"><font size='30'><p align=\"center\"><strong>16</strong></p></td><td valign=\"top\"><font size='30'><p><strong>感染內科病房、胸腔內科病房</strong></p></td></tr><tr><td height=\"90\" bgcolor=\"#666699\"><font size='30'><p align=\"center\"><strong>15</strong></p></td><td valign=\"top\" bgcolor=\"#E9F0F8\"><font size='30'><p><strong>RT小組、內科第二加護病房、外科加護病房、內科第一加護病房</strong></p></td></tr><tr><td bgcolor=\"#666699\"><font size='30'><p align=\"center\"><strong>14</strong></p></td><td valign=\"top\"><font size='30'><p><strong>內分泌新陳代謝內科病房、風濕免疫內科病房、腎臟內科病房</strong></p></td></tr><tr><td bgcolor=\"#666699\"><font size='30'><p align=\"center\"><strong>13</strong></p></td><td valign=\"top\" bgcolor=\"#E9F0F8\"><font size='30'><p><strong>骨科病房、口腔外科病房</strong> </p></td></tr><tr><td bgcolor=\"#666699\"><font size='30'><p align=\"center\"><strong>12</strong></p></td><td valign=\"top\"><font size='30'><p><strong>腦神經外科病房、神經科病房、睡眠中心</strong></p></td></tr><tr><td bgcolor=\"#666699\"><font size='30'><p align=\"center\"><strong>11</strong></p></td><td bgcolor=\"#E9F0F8\"><font size='30'><p><strong>檢驗醫學部</p></td></tr><tr><td bgcolor=\"#666699\"><font size='30'><p align=\"center\"><strong>10</strong></p></td><td ><font size='30'><p><strong>小兒科病房、心臟內科病房</strong></p></td></tr><tr><td bgcolor=\"#666699\"><font size='30'><p align=\"center\"><strong>9</strong></p></td><td bgcolor=\"#E9F0F8\"><font size='30'><p><strong>腦神經外科病房、神經科病房</strong></p></td></tr><tr><td bgcolor=\"#666699\"><font size='30'><p align=\"center\"><strong>7</strong></p></td><td ><font size='30'><p><strong>腦神經外科加護病房、神經科暨腦中風加護病房</strong></p></td></tr><tr> </tr><tr><td bgcolor=\"#666699\"><font size='30'><p align=\"center\"><strong>6</strong></p></td><td bgcolor=\"#E9F0F8\"><font size='30'><p><span><strong>行政室、績效室、醫品室、企劃室、公關室、總務室、人力資源室、會計室、護理部、醫訊室、第一會議室、第一、二講堂、第一討論室</strong></span></p>    </td></tr><tr><td bgcolor=\"#666699\"><font size='30'><p align=\"center\"><strong>5</strong></p></td><td ><font size='30'><p><strong>神經醫學中心門診區、泌尿科門診區、血液透析室、小兒科檢查室、內分泌新陳代謝檢查室</strong></p>    </td></tr><tr><td bgcolor=\"#666699\"><font size='30'><p align=\"center\"><strong>3</strong></p></td><td bgcolor=\"#E9F0F8\"><font size='30'><p><strong>內視鏡中心及心肺功能檢查區、影像醫學部、門急診檢驗室、社會服務室</strong> </p></td></tr><tr> </tr><tr><td  bgcolor=\"#666699\"><font size='30'><p align=\"center\"><strong>2</strong></p></td><td ><font size='30'><p><strong>手術室、婦產部門診、小兒科門診、骨科門診、皮膚科門診、疼痛科門診</strong> </p></td></tr><tr><td bgcolor=\"#666699\"><font size='30'><p align=\"center\"><strong>1</strong></p></td><td bgcolor=\"#E9F0F8\"><font size='30'><p><strong>內科門診、心臟血管中心門診區、中央藥局、業務室、病友服務室、營養衛教室、服務台</strong> </p></td></tr><tr><td bgcolor=\"#666699\"><font size='30'><p align=\"center\"><strong>B1</strong></p></td><td ><font size='30'><p><strong>往B1-B4停車場</strong></p></td></tr></table>"
             },
             {
             "serialno":"12",
             "title":"和川停車場",
             "latitude":"22.647501",
             "longitude":"120.311768",
             "image":"image1.png",
             "qrcode":"0",
             "distance":"0",
             "description":"位於學校東側門，由十全一路94巷進入，並限本校教職員生停放。有關學術活動申請車輛停放，請洽詢停車場管理委員會(3121101-2188或6988)。"
             },
             {
             "serialno":"13",
             "title":"地下停車場",
             "latitude":"22.646784",
             "longitude":"120.309059",
             "image":"image1.png",
             "qrcode":"0",
             "distance":"0",
             "description":"地下停車場於民國 89 年 3 月落成啟用，為24小時開放之停車場，由同盟路進出，並限本校教職員工生停放。有關學術活動申請車輛停放，請洽詢停車場管理委員會(3121101-2188或6988)。"
             },
             {
             "serialno":"14",
             "title":"地下停車場B",
             "latitude":"22.646785",
             "longitude":"120.309055",
             "image":"image1.png",
             "qrcode":"0",
             "distance":"0",
             "description":"由同盟路進出，並限本校教職員工生停放。有關學術活動申請車輛停放，請洽詢停車場管理委員會(3121101-2188或6988)。"
             }
             ]
}